PWSID,Water System,County,Link to Conservation Plan,CCR Website Link,Contact Phone,Email,,,,,Arent in the new dataset so cannot get a good PWSID- decided to omit
03-63-020,Aberdeen,MOORE,https://www.ncwater.org/Water_Supply_Planning/Water_Shortage_Response_Plans/plan/view/04-07-030,,,,,,,,Atkinson
04-46-010,Ahoskie,HERTFORD,https://www.ncwater.org/Water_Supply_Planning/Water_Shortage_Response_Plans/plan/view/04-16-010,,,,,,,,Bladen County Water District Tar Heel
02-01-1935,Alamance,ALAMANCE,https://www.ncwater.org/Water_Supply_Planning/Water_Shortage_Response_Plans/plan/view/01-02-020,,,,,,,,Brookford
01-84-010,Albemarle,STANLY,https://www.ncwater.org/Water_Supply_Planning/Water_Shortage_Response_Plans/plan/view/04-74-045,,,,,,,,Cape Fear Public Utility Authority Wilmington
01-02-2020,Alexander County WDs,ALEXANDER,https://www.ncwater.org/Water_Supply_Planning/Water_Shortage_Response_Plans/plan/view/03-04-010,,,,,,,,Fontana Dam
01-20-2020,Andrews,CHEROKEE,https://www.ncwater.org/Water_Supply_Planning/Water_Shortage_Response_Plans/plan/view/01-75-015,,,,,,,,lake lure (town of)
03-43-015,Angier,HARNETT,https://www.ncwater.org/Water_Supply_Planning/Water_Shortage_Response_Plans/plan/view/02-91-010,,,,,,,,Lewiston Woodville
03-04-2010,Anson County,ANSON,https://www.ncwater.org/Water_Supply_Planning/Water_Shortage_Response_Plans/plan/view/04-16-035,,,,,,,,Noorwood
03-04-2012,Ansonville,ANSON,https://www.ncwater.org/Water_Supply_Planning/Water_Shortage_Response_Plans/plan/view/04-08-085,,,,,,,,Stumpy Point WSD
03-92-045,Apex,WAKE,https://www.ncwater.org/Water_Supply_Planning/Water_Shortage_Response_Plans/plan/view/04-74-030,https://www.apexnc.org/159/Utility-Billing-Customer-Service,919-249-3400,NA,,,,,
01-95-101,Appalachian State University,WATAUGA,https://www.ncwater.org/Water_Supply_Planning/Water_Shortage_Response_Plans/plan/view/01-95-010,,,,,,,,
02-76-030,Archdale,RANDOLPH,https://www.ncwater.org/Water_Supply_Planning/Water_Shortage_Response_Plans/plan/view/04-31-020,,,,,,,,
02-76-010,Asheboro,RANDOLPH,https://www.ncwater.org/Water_Supply_Planning/Water_Shortage_Response_Plans/plan/view/01-18-025,,,,,,,,
01-11-2010,Asheville,BUNCOMBE,https://www.ncwater.org/Water_Supply_Planning/Water_Shortage_Response_Plans/plan/view/01-81-040,https://www.ashevillenc.gov/services/water-utilities/,8282511122,webmaster@ashevillenc.gov,,,,,
04-16-1935,Atlantic Beach,CARTERET,https://www.ncwater.org/Water_Supply_Planning/Water_Shortage_Response_Plans/plan/view/04-74-025,,,,,,,,
04-08-2015,Aulander,BERTIE,https://www.ncwater.org/Water_Supply_Planning/Water_Shortage_Response_Plans/plan/view/20-84-006,,,,,,,,
04-07-2020,Aurora,BEAUFORT,https://www.ncwater.org/Water_Supply_Planning/Water_Shortage_Response_Plans/plan/view/03-62-035,,,,,,,,
03-82-045,Autryville,SAMPSON,https://www.ncwater.org/Water_Supply_Planning/Water_Shortage_Response_Plans/plan/view/04-98-035,,,,,,,,
04-74-025,Ayden,PITT,https://www.ncwater.org/Water_Supply_Planning/Water_Shortage_Response_Plans/plan/view/03-92-373,,,,,,,,
03-62-120,Badin Shores Resort,MONTGOMERY,https://www.ncwater.org/Water_Supply_Planning/Water_Shortage_Response_Plans/plan/view/03-09-015,,,,,,,,
04-64-035,Bailey,NASH,https://www.ncwater.org/Water_Supply_Planning/Water_Shortage_Response_Plans/plan/view/04-24-075,,,,,,,,
01-61-015,Bakersville,MITCHELL,https://www.ncwater.org/Water_Supply_Planning/Water_Shortage_Response_Plans/plan/view/01-57-010,,,,,,,,
04-10-0130,BALD HEAD ISLAND UTILITIES,BRUNSWICK,https://www.ncwater.org/Water_Supply_Planning/Water_Shortage_Response_Plans/plan/view/04-24-050,,,,,,,,
01-06-2015,Banner Elk,AVERY,https://www.ncwater.org/Water_Supply_Planning/Water_Shortage_Response_Plans/plan/view/01-12-104,,,,,,,,
04-07-1930,Bath,BEAUFORT,https://www.ncwater.org/Water_Supply_Planning/Water_Shortage_Response_Plans/plan/view/02-99-020,,,,,,,,
01-14-2025,Baton WC,CALDWELL,https://www.ncwater.org/Water_Supply_Planning/Water_Shortage_Response_Plans/plan/view/01-12-103,,,,,,,,
03-92-373,Bayleaf/Stonebridge,WAKE,https://www.ncwater.org/Water_Supply_Planning/Water_Shortage_Response_Plans/plan/view/04-07-035,,,,,,,,
04-16-2010,Beaufort,CARTERET,https://www.ncwater.org/Water_Supply_Planning/Water_Shortage_Response_Plans/plan/view/04-24-040,,,,,,,,
04-07-1935,Beaufort County RWS,BEAUFORT,https://www.ncwater.org/Water_Supply_Planning/Water_Shortage_Response_Plans/plan/view/04-07-040,,,,,,,,
04-07-1940,Beaufort County WD VII,BEAUFORT,https://www.ncwater.org/Water_Supply_Planning/Water_Shortage_Response_Plans/plan/view/01-95-104,,,,,,,,
01-95-104,Beech Mountain,WATAUGA,https://www.ncwater.org/Water_Supply_Planning/Water_Shortage_Response_Plans/plan/view/04-07-015,,,,,,,,
04-07-2015,Belhaven,BEAUFORT,https://www.ncwater.org/Water_Supply_Planning/Water_Shortage_Response_Plans/plan/view/01-36-015,,,,,,,,
04-74-045,Bell Arthur WC,PITT,https://www.ncwater.org/Water_Supply_Planning/Water_Shortage_Response_Plans/plan/view/02-35-025,,,,,,,,
01-36-015,Belmont,GASTON,https://www.ncwater.org/Water_Supply_Planning/Water_Shortage_Response_Plans/plan/view/03-51-025,,,,,,,,
04-71-111,BELVEDERE PLANTATION,PENDER,https://www.ncwater.org/Water_Supply_Planning/Water_Shortage_Response_Plans/plan/view/04-71-111,,,,,,,,
03-51-025,Benson,JOHNSTON,https://www.ncwater.org/Water_Supply_Planning/Water_Shortage_Response_Plans/plan/view/01-36-025,,,,,,,,
04-08-1985,Bertie County RWS,BERTIE,https://www.ncwater.org/Water_Supply_Planning/Water_Shortage_Response_Plans/plan/view/04-71-010,,,,,,,,
01-36-025,Bessemer City,GASTON,https://www.ncwater.org/Water_Supply_Planning/Water_Shortage_Response_Plans/plan/view/01-11-030,,,,,,,,
04-74-030,Bethel,PITT,https://www.ncwater.org/Water_Supply_Planning/Water_Shortage_Response_Plans/plan/view/02-01-010,,,,,,,,
04-31-020,Beulaville,DUPLIN,https://www.ncwater.org/Water_Supply_Planning/Water_Shortage_Response_Plans/plan/view/04-31-045,,,,,,,,
20-84-006,Big Lick Road,STANLY,https://www.ncwater.org/Water_Supply_Planning/Water_Shortage_Response_Plans/plan/view/03-63-040,,,,,,,,
01-11-1930,Biltmore Forest,BUNCOMBE,https://www.ncwater.org/Water_Supply_Planning/Water_Shortage_Response_Plans/plan/view/03-09-060,,,,,,,,
03-62-035,Biscoe,MONTGOMERY,https://www.ncwater.org/Water_Supply_Planning/Water_Shortage_Response_Plans/plan/view/03-62-030,,,,,,,,
04-98-035,Black Creek,WILSON,https://www.ncwater.org/Water_Supply_Planning/Water_Shortage_Response_Plans/plan/view/03-63-025,,,,,,,,
01-11-2020,Black Mountain,BUNCOMBE,https://www.ncwater.org/Water_Supply_Planning/Water_Shortage_Response_Plans/plan/view/01-97-035,,,,,,,,
03-09-1960,Bladen County WD - E Bladen,BLADEN,https://www.ncwater.org/Water_Supply_Planning/Water_Shortage_Response_Plans/plan/view/03-09-055,,,,,,,,
03-09-1955,Bladen County WD - W Bladen,BLADEN,https://www.ncwater.org/Water_Supply_Planning/Water_Shortage_Response_Plans/plan/view/04-16-028,,,,,,,,
50-09-012,Bladen Bluffs Water System,,,,,,,,,,
03-09-2015,Bladenboro,BLADEN,https://www.ncwater.org/Water_Supply_Planning/Water_Shortage_Response_Plans/plan/view/04-24-055,,,,,,,,
01-95-020,Blowing Rock,WATAUGA,https://www.ncwater.org/Water_Supply_Planning/Water_Shortage_Response_Plans/plan/view/01-45-010,,,,,,,,
01-97-030,Blue Ridge WA,WILKES,https://www.ncwater.org/Water_Supply_Planning/Water_Shortage_Response_Plans/plan/view/01-12-065,,,,,,,,
04-24-1975,Boardman,COLUMBUS,https://www.ncwater.org/Water_Supply_Planning/Water_Shortage_Response_Plans/plan/view/04-24-020,,,,,,,,
04-16-2028,Bogue Banks WC,CARTERET,https://www.ncwater.org/Water_Supply_Planning/Water_Shortage_Response_Plans/plan/view/01-23-025,,,,,,,,
01-23-2025,Boiling Springs,CLEVELAND,https://www.ncwater.org/Water_Supply_Planning/Water_Shortage_Response_Plans/plan/view/01-88-010,,,,,,,,
04-24-1950,Bolton,COLUMBUS,https://www.ncwater.org/Water_Supply_Planning/Water_Shortage_Response_Plans/plan/view/04-25-035,,,,,,,,
01-95-010,Boone,WATAUGA,https://www.ncwater.org/Water_Supply_Planning/Water_Shortage_Response_Plans/plan/view/01-00-010,,,,,,,,
02-99-020,Booneville,YADKIN,https://www.ncwater.org/Water_Supply_Planning/Water_Shortage_Response_Plans/plan/view/04-21-015,,,,,,,,
01-81-040,Bostic,RUTHERFORD,https://www.ncwater.org/Water_Supply_Planning/Water_Shortage_Response_Plans/plan/view/01-60-010,,,,,,,,
01-60-264,Bradfield Farms S D,,,,,,,,,,
50-43-001,Bragg Communities NTA,,,,,,,,,,
01-12-0104,Brentwood Jamstown Road,BURKE,https://www.ncwater.org/Water_Supply_Planning/Water_Shortage_Response_Plans/plan/view/01-81-107,,,,,,,,
01-12-0103,Brentwood WA,BURKE,https://www.ncwater.org/Water_Supply_Planning/Water_Shortage_Response_Plans/plan/view/01-22-010,,,,,,,,
01-88-010,Brevard,TRANSYLVANIA,https://www.ncwater.org/Water_Supply_Planning/Water_Shortage_Response_Plans/plan/view/01-81-035,,,,,,,,
01-81-035,Broad River WAu,RUTHERFORD,https://www.ncwater.org/Water_Supply_Planning/Water_Shortage_Response_Plans/plan/view/03-53-015,,,,,,,,
03-53-015,Broadway,LEE,https://www.ncwater.org/Water_Supply_Planning/Water_Shortage_Response_Plans/plan/view/03-26-127,,,,,,,,
01-97-035,Broadway WA,WILKES,https://www.ncwater.org/Water_Supply_Planning/Water_Shortage_Response_Plans/plan/view/03-82-010,,,,,,,,
03-26-0127,Brookwood Comm,CUMBERLAND,https://www.ncwater.org/Water_Supply_Planning/Water_Shortage_Response_Plans/plan/view/04-10-045,,,,,,,,
04-24-1940,Brunswick,COLUMBUS,https://www.ncwater.org/Water_Supply_Planning/Water_Shortage_Response_Plans/plan/view/03-09-020,,,,,,,,
04-10-1945,Brunswick County,BRUNSWICK,https://www.ncwater.org/Water_Supply_Planning/Water_Shortage_Response_Plans/plan/view/01-87-010,https://www.brunswickcountync.gov/utilities/rates/,800-442-7033,NA,,,,,
01-87-010,Bryson City,SWAIN,https://www.ncwater.org/Water_Supply_Planning/Water_Shortage_Response_Plans/plan/view/01-14-048,,,,,,,,
02-35-025,Bunn,FRANKLIN,https://www.ncwater.org/Water_Supply_Planning/Water_Shortage_Response_Plans/plan/view/01-23-055,,,,,,,,
04-71-010,Burgaw,PENDER,https://www.ncwater.org/Water_Supply_Planning/Water_Shortage_Response_Plans/plan/view/03-43-020,,,,,,,,
01-12-1965,Burke County,BURKE,https://www.ncwater.org/Water_Supply_Planning/Water_Shortage_Response_Plans/plan/view/01-81-050,,,,,,,,
02-01-2010,Burlington,ALAMANCE,https://www.ncwater.org/Water_Supply_Planning/Water_Shortage_Response_Plans/plan/view/04-46-030,,,,,,,,
01-00-010,Burnsville,YANCEY,https://www.ncwater.org/Water_Supply_Planning/Water_Shortage_Response_Plans/plan/view/02-85-020,,,,,,,,
01-14-1948,Caldwell County N,CALDWELL,https://www.ncwater.org/Water_Supply_Planning/Water_Shortage_Response_Plans/plan/view/01-14-047,,,,,,,,
01-14-1947,Caldwell County SE,CALDWELL,https://www.ncwater.org/Water_Supply_Planning/Water_Shortage_Response_Plans/plan/view/01-14-045,,,,,,,,
01-14-1945,Caldwell County W,CALDWELL,https://www.ncwater.org/Water_Supply_Planning/Water_Shortage_Response_Plans/plan/view/10-14-001,,,,,,,,
10-14-2001,CALDWELL COUNTY- ADDISON LANE,CALDWELL,https://www.ncwater.org/Water_Supply_Planning/Water_Shortage_Response_Plans/plan/view/04-67-041,,,,,,,,
04-31-045,Calypso,DUPLIN,https://www.ncwater.org/Water_Supply_Planning/Water_Shortage_Response_Plans/plan/view/04-89-010,,,,,,,,
03-63-040,Cameron,MOORE,https://www.ncwater.org/Water_Supply_Planning/Water_Shortage_Response_Plans/plan/view/04-24-060,,,,,,,,
04-67-041,Camp Lejeune - Hadnot Point,ONSLOW,https://www.ncwater.org/Water_Supply_Planning/Water_Shortage_Response_Plans/plan/view/04-67-043,,,,,,,,
04-67-043,Camp Lejeune - Holcomb Blvd,ONSLOW,https://www.ncwater.org/Water_Supply_Planning/Water_Shortage_Response_Plans/plan/view/04-67-042,,,,,,,,
04-67-042,Camp Lejeune - New River MCAS,ONSLOW,https://www.ncwater.org/Water_Supply_Planning/Water_Shortage_Response_Plans/plan/view/04-67-048,,,,,,,,
04-67-048,Camp Lejeune - Onslow Beach,ONSLOW,https://www.ncwater.org/Water_Supply_Planning/Water_Shortage_Response_Plans/plan/view/04-67-046,,,,,,,,
04-67-046,Camp Lejeune - Purchases,ONSLOW,https://www.ncwater.org/Water_Supply_Planning/Water_Shortage_Response_Plans/plan/view/04-65-015,,,,,,,,
03-62-030,Candor,MONTGOMERY,https://www.ncwater.org/Water_Supply_Planning/Water_Shortage_Response_Plans/plan/view/70-24-007,,,,,,,,
01-44-015,Canton,HAYWOOD,https://www.ncwater.org/Water_Supply_Planning/Water_Shortage_Response_Plans/plan/view/01-44-015,,,,,,,,
04-65-015,Carolina Beach,NEW HANOVER,https://www.ncwater.org/Water_Supply_Planning/Water_Shortage_Response_Plans/plan/view/03-92-020,,,,,,,,
03-53-101,Carolina Trace,LEE,https://www.ncwater.org/Water_Supply_Planning/Water_Shortage_Response_Plans/plan/view/03-63-103,,,,,,,,
03-63-025,Carthage,MOORE,https://www.ncwater.org/Water_Supply_Planning/Water_Shortage_Response_Plans/plan/view/70-24-012,,,,,,,,
03-92-020,Cary,WAKE,https://www.ncwater.org/Water_Supply_Planning/Water_Shortage_Response_Plans/plan/view/01-18-040,https://www.townofcary.org/services-publications/water-sewer/utility-customer-service,919-469-4000,311@townofcary.org,,,,,
01-18-1940,Catawba,CATAWBA,https://www.ncwater.org/Water_Supply_Planning/Water_Shortage_Response_Plans/plan/view/40-19-010,,,,,,,,
40-64-005,Central Nash County Water System,,,,,,,,,,
04-24-1955,Cerro Gordo,COLUMBUS,https://www.ncwater.org/Water_Supply_Planning/Water_Shortage_Response_Plans/plan/view/70-24-013,,,,,,,,
04-24-2020,Chadbourn,COLUMBUS,https://www.ncwater.org/Water_Supply_Planning/Water_Shortage_Response_Plans/plan/view/01-13-010,,,,,,,,
01-60-010,Charlotte-Mecklenburg,MECKLENBURG,https://www.ncwater.org/Water_Supply_Planning/Water_Shortage_Response_Plans/plan/view/02-30-015,https://charlottenc.gov/water/Pages/Home.aspx,704-336-7600,anicholson@charlottenc.gov,,,,,
40-19-010,CHATHAM CO-ASBURY,CHATHAM,https://www.ncwater.org/Water_Supply_Planning/Water_Shortage_Response_Plans/plan/view/03-19-126,,,,,,,,
03-19-0126,Chatham County N,CHATHAM,https://www.ncwater.org/Water_Supply_Planning/Water_Shortage_Response_Plans/plan/view/03-19-050,,,,,,,,
03-19-1950,Chatham County SW,CHATHAM,https://www.ncwater.org/Water_Supply_Planning/Water_Shortage_Response_Plans/plan/view/01-36-030,,,,,,,,
04-25-1935,Cherry Point MCAS,CRAVEN,https://www.ncwater.org/Water_Supply_Planning/Water_Shortage_Response_Plans/plan/view/04-66-025,,,,,,,,
01-36-030,Cherryville,GASTON,https://www.ncwater.org/Water_Supply_Planning/Water_Shortage_Response_Plans/plan/view/01-80-040,,,,,,,,
01-81-107,Chimney Rock,RUTHERFORD,https://www.ncwater.org/Water_Supply_Planning/Water_Shortage_Response_Plans/plan/view/01-12-045,,,,,,,,
01-80-040,China Grove,ROWAN,https://www.ncwater.org/Water_Supply_Planning/Water_Shortage_Response_Plans/plan/view/04-31-050,,,,,,,,
04-31-050,Chinquapin WA,DUPLIN,https://www.ncwater.org/Water_Supply_Planning/Water_Shortage_Response_Plans/plan/view/04-07-025,,,,,,,,
04-07-2025,Chocowinity,BEAUFORT,https://www.ncwater.org/Water_Supply_Planning/Water_Shortage_Response_Plans/plan/view/01-18-035,,,,,,,,
04-21-2015,Chowan County,CHOWAN,https://www.ncwater.org/Water_Supply_Planning/Water_Shortage_Response_Plans/plan/view/04-25-045,,,,,,,,
01-18-1935,Claremont,CATAWBA,https://www.ncwater.org/Water_Supply_Planning/Water_Shortage_Response_Plans/plan/view/03-26-332,,,,,,,,
03-09-2020,Clarkton,BLADEN,https://www.ncwater.org/Water_Supply_Planning/Water_Shortage_Response_Plans/plan/view/04-25-055,,,,,,,,
01-22-2010,Clay County WSD,CLAY,https://www.ncwater.org/Water_Supply_Planning/Water_Shortage_Response_Plans/plan/view/02-99-025,,,,,,,,
03-51-020,Clayton,JOHNSTON,https://www.ncwater.org/Water_Supply_Planning/Water_Shortage_Response_Plans/plan/view/03-62-120,,,,,,,,
01-80-050,Cleveland,ROWAN,https://www.ncwater.org/Water_Supply_Planning/Water_Shortage_Response_Plans/plan/view/02-99-010,,,,,,,,
01-23-1955,Cleveland County SD,CLEVELAND,https://www.ncwater.org/Water_Supply_Planning/Water_Shortage_Response_Plans/plan/view/04-94-020,,,,,,,,
03-26-0332,Cliffdale West,CUMBERLAND,https://www.ncwater.org/Water_Supply_Planning/Water_Shortage_Response_Plans/plan/view/01-44-025,,,,,,,,
03-82-010,Clinton,SAMPSON,https://www.ncwater.org/Water_Supply_Planning/Water_Shortage_Response_Plans/plan/view/01-06-025,,,,,,,,
01-44-025,Clyde,HAYWOOD,https://www.ncwater.org/Water_Supply_Planning/Water_Shortage_Response_Plans/plan/view/01-88-104,,,,,,,,
03-43-020,Coats,HARNETT,https://www.ncwater.org/Water_Supply_Planning/Water_Shortage_Response_Plans/plan/view/04-27-010,,,,,,,,
04-46-030,Cofield,HERTFORD,https://www.ncwater.org/Water_Supply_Planning/Water_Shortage_Response_Plans/plan/view/01-36-065,,,,,,,,
04-89-010,Columbia,TYRRELL,https://www.ncwater.org/Water_Supply_Planning/Water_Shortage_Response_Plans/plan/view/02-79-040,,,,,,,,
01-75-015,Columbus,POLK,https://www.ncwater.org/Water_Supply_Planning/Water_Shortage_Response_Plans/plan/view/01-45-030,,,,,,,,
04-24-1960,Columbus County WD I,COLUMBUS,https://www.ncwater.org/Water_Supply_Planning/Water_Shortage_Response_Plans/plan/view/04-28-025,,,,,,,,
70-24-007,Columbus County WD II,COLUMBUS,https://www.ncwater.org/Water_Supply_Planning/Water_Shortage_Response_Plans/plan/view/04-54-030,,,,,,,,
70-24-012,Columbus County WD III,COLUMBUS,https://www.ncwater.org/Water_Supply_Planning/Water_Shortage_Response_Plans/plan/view/02-29-030,,,,,,,,
70-24-013,Columbus County WD IV,COLUMBUS,https://www.ncwater.org/Water_Supply_Planning/Water_Shortage_Response_Plans/plan/view/04-64-060,,,,,,,,
01-13-2010,Concord,CABARRUS,https://www.ncwater.org/Water_Supply_Planning/Water_Shortage_Response_Plans/plan/view/04-25-025,https://www.concordnc.gov/Resident/Pay-Your-Utility-Bill,828-245-9397,NA,,,,,
01-81-050,CONCORD COMM WATER SYSTEM,RUTHERFORD,https://www.ncwater.org/Water_Supply_Planning/Water_Shortage_Response_Plans/plan/view/02-86-020,,,,,,,,
01-88-104,Connestee Fall Development,TRANSYLVANIA,https://www.ncwater.org/Water_Supply_Planning/Water_Shortage_Response_Plans/plan/view/01-18-020,,,,,,,,
01-18-2020,Conover,CATAWBA,https://www.ncwater.org/Water_Supply_Planning/Water_Shortage_Response_Plans/plan/view/01-06-010,,,,,,,,
04-66-025,Conway,NORTHAMPTON,https://www.ncwater.org/Water_Supply_Planning/Water_Shortage_Response_Plans/plan/view/03-09-025,,,,,,,,
04-25-1945,Cove City,CRAVEN,https://www.ncwater.org/Water_Supply_Planning/Water_Shortage_Response_Plans/plan/view/04-31-085,,,,,,,,
04-25-1955,Craven County,CRAVEN,https://www.ncwater.org/Water_Supply_Planning/Water_Shortage_Response_Plans/plan/view/03-09-050,,,,,,,,
04-94-020,Creswell,WASHINGTON,https://www.ncwater.org/Water_Supply_Planning/Water_Shortage_Response_Plans/plan/view/04-74-015,,,,,,,,
01-06-2010,Crossnore,AVERY,https://www.ncwater.org/Water_Supply_Planning/Water_Shortage_Response_Plans/plan/view/04-28-030,,,,,,,,
04-27-2010,Currituck County (Mainland),CURRITUCK,https://www.ncwater.org/Water_Supply_Planning/Water_Shortage_Response_Plans/plan/view/02-79-010,,,,,,,,
01-36-065,Dallas,GASTON,https://www.ncwater.org/Water_Supply_Planning/Water_Shortage_Response_Plans/plan/view/04-21-010,,,,,,,,
02-79-040,Dan River Water Inc.,ROCKINGHAM,https://www.ncwater.org/Water_Supply_Planning/Water_Shortage_Response_Plans/plan/view/04-33-050,,,,,,,,
02-85-020,Danbury,STOKES,https://www.ncwater.org/Water_Supply_Planning/Water_Shortage_Response_Plans/plan/view/01-02-015,,,,,,,,
04-28-2025,Dare County Cape Hatteras,DARE,https://www.ncwater.org/Water_Supply_Planning/Water_Shortage_Response_Plans/plan/view/04-70-010,,,,,,,,
04-28-1930,Dare County Regional,DARE,https://www.ncwater.org/Water_Supply_Planning/Water_Shortage_Response_Plans/plan/view/04-28-035,,,,,,,,
04-28-1935,Dare County Rodanthe-Waves-Salvo,DARE,https://www.ncwater.org/Water_Supply_Planning/Water_Shortage_Response_Plans/plan/view/60-28-002,,,,,,,,
60-28-002,Dare County Stumpy Point WSD,DARE,https://www.ncwater.org/Water_Supply_Planning/Water_Shortage_Response_Plans/plan/view/02-29-025,,,,,,,,
02-29-025,Davidson Water,DAVIDSON,https://www.ncwater.org/Water_Supply_Planning/Water_Shortage_Response_Plans/plan/view/01-80-060,https://www.davidsonwater.com,336-731-2341,program.intake@usda.gov,,,,,
02-30-015,Davie County,DAVIE,https://www.ncwater.org/Water_Supply_Planning/Water_Shortage_Response_Plans/plan/view/01-80-055,,,,,,,,
04-54-030,Deep Run WC,LENOIR,https://www.ncwater.org/Water_Supply_Planning/Water_Shortage_Response_Plans/plan/view/03-77-020,,,,,,,,
02-29-030,Denton,DAVIDSON,https://www.ncwater.org/Water_Supply_Planning/Water_Shortage_Response_Plans/plan/view/04-98-020,,,,,,,,
02-86-030,Dobsob,,,,,,,,,,
04-64-060,Dortches,NASH,https://www.ncwater.org/Water_Supply_Planning/Water_Shortage_Response_Plans/plan/view/02-01-025,,,,,,,,
04-25-2025,Dover,CRAVEN,https://www.ncwater.org/Water_Supply_Planning/Water_Shortage_Response_Plans/plan/view/04-42-025,,,,,,,,
01-12-1945,Drexel,BURKE,https://www.ncwater.org/Water_Supply_Planning/Water_Shortage_Response_Plans/plan/view/01-14-030,,,,,,,,
03-09-2025,Dublin,BLADEN,https://www.ncwater.org/Water_Supply_Planning/Water_Shortage_Response_Plans/plan/view/04-59-114,,,,,,,,
03-43-010,Dunn,HARNETT,https://www.ncwater.org/Water_Supply_Planning/Water_Shortage_Response_Plans/plan/view/03-43-010,,,,,,,,
04-31-085,Duplin County WDs,DUPLIN,https://www.ncwater.org/Water_Supply_Planning/Water_Shortage_Response_Plans/plan/view/04-24-030,,,,,,,,
03-32-010,Durham,DURHAM,https://www.ncwater.org/Water_Supply_Planning/Water_Shortage_Response_Plans/plan/view/03-32-010,https://durhamnc.gov/1341/Utilities,919-560-1200,NA,,,,,
03-09-1950,East Arcadia,BLADEN,https://www.ncwater.org/Water_Supply_Planning/Water_Shortage_Response_Plans/plan/view/04-31-040,,,,,,,,
02-99-025,East Bend,YADKIN,https://www.ncwater.org/Water_Supply_Planning/Water_Shortage_Response_Plans/plan/view/01-23-030,,,,,,,,
50-63-011,EAST MOORE WATER DISTRICT,MOORE,https://www.ncwater.org/Water_Supply_Planning/Water_Shortage_Response_Plans/plan/view/03-63-045,,,,,,,,
01-80-060,East Spencer,ROWAN,https://www.ncwater.org/Water_Supply_Planning/Water_Shortage_Response_Plans/plan/view/03-09-010,,,,,,,,
04-74-015,Eastern Pines WC,PITT,https://www.ncwater.org/Water_Supply_Planning/Water_Shortage_Response_Plans/plan/view/01-23-035,,,,,,,,
50-26-027,eastover sanitary district,,,,,,,,,,
02-79-010,Eden,ROCKINGHAM,https://www.ncwater.org/Water_Supply_Planning/Water_Shortage_Response_Plans/plan/view/04-74-020,,,,,,,,
04-21-2010,Edenton,CHOWAN,https://www.ncwater.org/Water_Supply_Planning/Water_Shortage_Response_Plans/plan/view/04-96-060,,,,,,,,
04-33-050,Edgecombe County WSD 1,EDGECOMBE,https://www.ncwater.org/Water_Supply_Planning/Water_Shortage_Response_Plans/plan/view/04-74-050,,,,,,,,
04-70-010,Elizabeth City,PASQUOTANK,https://www.ncwater.org/Water_Supply_Planning/Water_Shortage_Response_Plans/plan/view/03-51-035,,,,,,,,
03-09-2010,Elizabethtown,BLADEN,https://www.ncwater.org/Water_Supply_Planning/Water_Shortage_Response_Plans/plan/view/01-81-038,,,,,,,,
01-06-2025,Elk Park,AVERY,https://www.ncwater.org/Water_Supply_Planning/Water_Shortage_Response_Plans/plan/view/01-49-025,,,,,,,,
02-86-020,Elkin,SURRY,https://www.ncwater.org/Water_Supply_Planning/Water_Shortage_Response_Plans/plan/view/02-85-010,,,,,,,,
01-81-038,Ellenboro,RUTHERFORD,https://www.ncwater.org/Water_Supply_Planning/Water_Shortage_Response_Plans/plan/view/01-50-113,,,,,,,,
03-77-020,Ellerbe,RICHMOND,https://www.ncwater.org/Water_Supply_Planning/Water_Shortage_Response_Plans/plan/view/03-63-479,,,,,,,,
04-98-020,Elm City,WILSON,https://www.ncwater.org/Water_Supply_Planning/Water_Shortage_Response_Plans/plan/view/02-76-035,,,,,,,,
02-01-2025,Elon College,ALAMANCE,https://www.ncwater.org/Water_Supply_Planning/Water_Shortage_Response_Plans/plan/view/04-96-025,,,,,,,,
01-02-2015,Energy United WC\Alexander Co WC,ALEXANDER,https://www.ncwater.org/Water_Supply_Planning/Water_Shortage_Response_Plans/plan/view/01-23-020,,,,,,,,
04-42-025,Enfield,HALIFAX,https://www.ncwater.org/Water_Supply_Planning/Water_Shortage_Response_Plans/plan/view/03-82-020,,,,,,,,
04-59-114,Everetts,MARTIN,https://www.ncwater.org/Water_Supply_Planning/Water_Shortage_Response_Plans/plan/view/04-37-020,,,,,,,,
04-24-1930,Fair Bluff,COLUMBUS,https://www.ncwater.org/Water_Supply_Planning/Water_Shortage_Response_Plans/plan/view/03-83-015,,,,,,,,
04-25-0132,Fairfield Harbour,CRAVEN,https://www.ncwater.org/Water_Supply_Planning/Water_Shortage_Response_Plans/plan/view/04-25-132,,,,,,,,
01-50-113,Fairfield Sapphire,JACKSON,https://www.ncwater.org/Water_Supply_Planning/Water_Shortage_Response_Plans/plan/view/03-78-025,,,,,,,,
03-78-025,Fairmont,ROBESON,https://www.ncwater.org/Water_Supply_Planning/Water_Shortage_Response_Plans/plan/view/03-26-010,,,,,,,,
04-31-040,Faison,DUPLIN,https://www.ncwater.org/Water_Supply_Planning/Water_Shortage_Response_Plans/plan/view/03-26-050,,,,,,,,
01-80-055,Faith,ROWAN,https://www.ncwater.org/Water_Supply_Planning/Water_Shortage_Response_Plans/plan/view/01-81-020,,,,,,,,
03-26-1935,Falcon,CUMBERLAND,https://www.ncwater.org/Water_Supply_Planning/Water_Shortage_Response_Plans/plan/view/03-26-035,,,,,,,,
01-23-1935,Fallston,CLEVELAND,https://www.ncwater.org/Water_Supply_Planning/Water_Shortage_Response_Plans/plan/view/03-19-025,,,,,,,,
04-74-020,Farmville,PITT,https://www.ncwater.org/Water_Supply_Planning/Water_Shortage_Response_Plans/plan/view/02-01-030,,,,,,,,
03-26-2010,Fayetteville,CUMBERLAND,https://www.ncwater.org/Water_Supply_Planning/Water_Shortage_Response_Plans/plan/view/04-25-040,https://www.faypwc.com,910-483-1382,customer.service@faypwc.com,,,,,
04-25-1940,First Craven SD,CRAVEN,https://www.ncwater.org/Water_Supply_Planning/Water_Shortage_Response_Plans/plan/view/01-81-010,,,,,,,,
03-51-195,FLOWERS PLANTATION,JOHNSTON,https://www.ncwater.org/Water_Supply_Planning/Water_Shortage_Response_Plans/plan/view/03-62-015,,,,,,,,
01-81-010,Forest City,RUTHERFORD,https://www.ncwater.org/Water_Supply_Planning/Water_Shortage_Response_Plans/plan/view/02-35-030,,,,,,,,
04-96-060,Fork Township SD,WAYNE,https://www.ncwater.org/Water_Supply_Planning/Water_Shortage_Response_Plans/plan/view/04-40-106,,,,,,,,
04-74-050,Fountain,PITT,https://www.ncwater.org/Water_Supply_Planning/Water_Shortage_Response_Plans/plan/view/04-31-060,,,,,,,,
03-51-035,Four Oaks,JOHNSTON,https://www.ncwater.org/Water_Supply_Planning/Water_Shortage_Response_Plans/plan/view/02-41-010,,,,,,,,
03-63-479,Foxfire Village,MOORE,https://www.ncwater.org/Water_Supply_Planning/Water_Shortage_Response_Plans/plan/view/04-74-035,,,,,,,,
01-57-010,Franklin,MACON,https://www.ncwater.org/Water_Supply_Planning/Water_Shortage_Response_Plans/plan/view/01-18-151,,,,,,,,
02-35-030,Franklin County WSA,FRANKLIN,https://www.ncwater.org/Water_Supply_Planning/Water_Shortage_Response_Plans/plan/view/02-35-010,,,,,,,,
02-35-010,Franklinton,FRANKLIN,https://www.ncwater.org/Water_Supply_Planning/Water_Shortage_Response_Plans/plan/view/01-36-010,,,,,,,,
02-76-035,Franklinville,RANDOLPH,https://www.ncwater.org/Water_Supply_Planning/Water_Shortage_Response_Plans/plan/view/04-74-055,,,,,,,,
04-96-025,Fremont,WAYNE,https://www.ncwater.org/Water_Supply_Planning/Water_Shortage_Response_Plans/plan/view/04-59-025,,,,,,,,
03-92-055,Fuquay-Varina,WAKE,https://www.ncwater.org/Water_Supply_Planning/Water_Shortage_Response_Plans/plan/view/02-29-035,,,,,,,,
03-82-020,Garland,SAMPSON,https://www.ncwater.org/Water_Supply_Planning/Water_Shortage_Response_Plans/plan/view/04-16-025,,,,,,,,
01-36-010,Gastonia,GASTON,https://www.ncwater.org/Water_Supply_Planning/Water_Shortage_Response_Plans/plan/view/04-96-010,https://www.cityofgastonia.com/doing-business/doing-business-utility-customer-service.html,704-869-1929,joea@cityofgastonia.com,,,,,
04-37-020,Gates County,GATES,https://www.ncwater.org/Water_Supply_Planning/Water_Shortage_Response_Plans/plan/view/03-43-045,,,,,,,,
03-83-015,Gibson,SCOTLAND,https://www.ncwater.org/Water_Supply_Planning/Water_Shortage_Response_Plans/plan/view/04-46-040,,,,,,,,
02-41-025,Gibsonville,GUILFORD,https://www.ncwater.org/Water_Supply_Planning/Water_Shortage_Response_Plans/plan/view/04-64-010,,,,,,,,
03-26-1950,Godwin,CUMBERLAND,https://www.ncwater.org/Water_Supply_Planning/Water_Shortage_Response_Plans/plan/view/01-13-025,,,,,,,,
04-96-010,Goldsboro,WAYNE,https://www.ncwater.org/Water_Supply_Planning/Water_Shortage_Response_Plans/plan/view/02-01-015,,,,,,,,
03-19-2025,Goldston-Gulf SD,CHATHAM,https://www.ncwater.org/Water_Supply_Planning/Water_Shortage_Response_Plans/plan/view/04-72-010,,,,,,,,
02-01-2015,Graham,ALAMANCE,https://www.ncwater.org/Water_Supply_Planning/Water_Shortage_Response_Plans/plan/view/04-74-010,,,,,,,,
01-14-1930,Granite Falls,CALDWELL,https://www.ncwater.org/Water_Supply_Planning/Water_Shortage_Response_Plans/plan/view/01-23-045,,,,,,,,
02-01-1930,Green Level,ALAMANCE,https://www.ncwater.org/Water_Supply_Planning/Water_Shortage_Response_Plans/plan/view/04-46-045,,,,,,,,
04-40-106,Greene County,GREENE,https://www.ncwater.org/Water_Supply_Planning/Water_Shortage_Response_Plans/plan/view/01-22-126,,,,,,,,
04-31-060,Greenevers,DUPLIN,https://www.ncwater.org/Water_Supply_Planning/Water_Shortage_Response_Plans/plan/view/02-41-020,,,,,,,,
02-41-010,Greensboro,GUILFORD,https://www.ncwater.org/Water_Supply_Planning/Water_Shortage_Response_Plans/plan/view/01-57-015,https://www.greensboro-nc.gov/departments/water-resources/customer-service-for-residents-and-businesses,336-373-2489,NA,,,,,
04-74-010,Greenville,PITT,https://www.ncwater.org/Water_Supply_Planning/Water_Shortage_Response_Plans/plan/view/04-42-030,https://www.guc.com/customer-service/water,2527527166,NA,,,,,
04-74-035,Grifton,PITT,https://www.ncwater.org/Water_Supply_Planning/Water_Shortage_Response_Plans/plan/view/04-42-035,,,,,,,,
04-74-055,Grimesland,PITT,https://www.ncwater.org/Water_Supply_Planning/Water_Shortage_Response_Plans/plan/view/03-47-025,,,,,,,,
01-23-1930,Grover,CLEVELAND,https://www.ncwater.org/Water_Supply_Planning/Water_Shortage_Response_Plans/plan/view/01-55-010,,,,,,,,
04-42-030,Halifax,HALIFAX,https://www.ncwater.org/Water_Supply_Planning/Water_Shortage_Response_Plans/plan/view/04-42-040,,,,,,,,
04-42-040,Halifax County,HALIFAX,https://www.ncwater.org/Water_Supply_Planning/Water_Shortage_Response_Plans/plan/view/01-49-185,,,,,,,,
04-59-025,Hamilton,MARTIN,https://www.ncwater.org/Water_Supply_Planning/Water_Shortage_Response_Plans/plan/view/03-92-050,,,,,,,,
03-77-010,Hamlet Water System,,,,,,,,,,
02-29-035,Handy SD,DAVIDSON,https://www.ncwater.org/Water_Supply_Planning/Water_Shortage_Response_Plans/plan/view/04-40-020,,,,,,,,
01-49-185,HARBOUR/POINT S/D,IREDELL,https://www.ncwater.org/Water_Supply_Planning/Water_Shortage_Response_Plans/plan/view/04-25-015,,,,,,,,
04-16-2025,Harkers Island WSD,CARTERET,https://www.ncwater.org/Water_Supply_Planning/Water_Shortage_Response_Plans/plan/view/01-58-020,,,,,,,,
03-43-045,Harnett County,HARNETT,https://www.ncwater.org/Water_Supply_Planning/Water_Shortage_Response_Plans/plan/view/04-48-010,https://www.harnettwater.org,910-893-7575,utilitybilling@harnett.org,,,,,
04-46-040,Harrellsville,HERTFORD,https://www.ncwater.org/Water_Supply_Planning/Water_Shortage_Response_Plans/plan/view/01-12-060,,,,,,,,
01-13-2025,Harrisburg,CABARRUS,https://www.ncwater.org/Water_Supply_Planning/Water_Shortage_Response_Plans/plan/view/04-66-010,,,,,,,,
04-25-2015,Havelock,CRAVEN,https://www.ncwater.org/Water_Supply_Planning/Water_Shortage_Response_Plans/plan/view/01-18-010,,,,,,,,
02-01-2020,Haw River,ALAMANCE,https://www.ncwater.org/Water_Supply_Planning/Water_Shortage_Response_Plans/plan/view/03-53-010,,,,,,,,
02-91-010,Henderson,VANCE,https://www.ncwater.org/Water_Supply_Planning/Water_Shortage_Response_Plans/plan/view/03-19-010,,,,,,,,
01-45-010,Hendersonville,HENDERSON,https://www.ncwater.org/Water_Supply_Planning/Water_Shortage_Response_Plans/plan/view/02-29-020,https://ci.henderson.nc.us/departments/public_works/water_and_sewer_utilities/index.php,252-431-6030,,,,,,
04-72-010,Hertford,PERQUIMANS,https://www.ncwater.org/Water_Supply_Planning/Water_Shortage_Response_Plans/plan/view/02-41-030,,,,,,,,
04-46-045,Hertford County,HERTFORD,https://www.ncwater.org/Water_Supply_Planning/Water_Shortage_Response_Plans/plan/view/04-59-030,,,,,,,,
01-22-0126,Hiawassee - North Carolina System,CLAY,https://www.ncwater.org/Water_Supply_Planning/Water_Shortage_Response_Plans/plan/view/04-31-030,,,,,,,,
01-18-2010,Hickory,CATAWBA,https://www.ncwater.org/Water_Supply_Planning/Water_Shortage_Response_Plans/plan/view/01-36-075,https://www.hickorync.gov/content/public-utilities,828-32307427,NA,,,,,
02-41-020,High Point,GUILFORD,https://www.ncwater.org/Water_Supply_Planning/Water_Shortage_Response_Plans/plan/view/03-51-030,https://www.highpointnc.gov/344/About-Your-Utility-Bill-Services,336-883-3111,NA,,,,,
01-36-075,High Shoals,GASTON,https://www.ncwater.org/Water_Supply_Planning/Water_Shortage_Response_Plans/plan/view/03-68-015,,,,,,,,
01-57-015,Highlands,MACON,https://www.ncwater.org/Water_Supply_Planning/Water_Shortage_Response_Plans/plan/view/04-54-010,,,,,,,,
03-68-015,Hillsborough,ORANGE,https://www.ncwater.org/Water_Supply_Planning/Water_Shortage_Response_Plans/plan/view/04-67-010,,,,,,,,
04-42-035,Hobgood,HALIFAX,https://www.ncwater.org/Water_Supply_Planning/Water_Shortage_Response_Plans/plan/view/04-54-015,,,,,,,,
03-47-025,Hoke County RWS,HOKE,https://www.ncwater.org/Water_Supply_Planning/Water_Shortage_Response_Plans/plan/view/02-35-108,,,,,,,,
03-47-030,Hoke County,,,,,,,,,,
04-10-1960,Holden Beach,BRUNSWICK,https://www.ncwater.org/Water_Supply_Planning/Water_Shortage_Response_Plans/plan/view/04-24-045,,,,,,,,
03-92-050,Holly Springs,WAKE,https://www.ncwater.org/Water_Supply_Planning/Water_Shortage_Response_Plans/plan/view/01-80-038,,,,,,,,
04-40-020,Hookerton,GREENE,https://www.ncwater.org/Water_Supply_Planning/Water_Shortage_Response_Plans/plan/view/01-05-020,,,,,,,,
01-58-020,Hot Springs,MADISON,https://www.ncwater.org/Water_Supply_Planning/Water_Shortage_Response_Plans/plan/view/02-29-010,,,,,,,,
04-48-010,Hyde County,HYDE,https://www.ncwater.org/Water_Supply_Planning/Water_Shortage_Response_Plans/plan/view/03-04-025,,,,,,,,
01-12-1960,Icard Township WC,BURKE,https://www.ncwater.org/Water_Supply_Planning/Water_Shortage_Response_Plans/plan/view/03-43-025,,,,,,,,
01-49-025,Iredell Water Corporation,IREDELL,https://www.ncwater.org/Water_Supply_Planning/Water_Shortage_Response_Plans/plan/view/01-06-104,,,,,,,,
04-66-010,Jackson,NORTHAMPTON,https://www.ncwater.org/Water_Supply_Planning/Water_Shortage_Response_Plans/plan/view/03-26-045,,,,,,,,
04-67-010,Jacksonville,ONSLOW,https://www.ncwater.org/Water_Supply_Planning/Water_Shortage_Response_Plans/plan/view/03-51-070,,,,,,,,
02-41-030,Jamestown,GUILFORD,https://www.ncwater.org/Water_Supply_Planning/Water_Shortage_Response_Plans/plan/view/04-42-028,,,,,,,,
04-59-030,Jamesville,MARTIN,https://www.ncwater.org/Water_Supply_Planning/Water_Shortage_Response_Plans/plan/view/02-35-015,,,,,,,,
01-05-2015,Jefferson,ASHE,https://www.ncwater.org/Water_Supply_Planning/Water_Shortage_Response_Plans/plan/view/01-36-060,,,,,,,,
03-51-070,Johnston County,JOHNSTON,https://www.ncwater.org/Water_Supply_Planning/Water_Shortage_Response_Plans/plan/view/04-52-020,,,,,,,,
04-52-020,Jones County,JONES,https://www.ncwater.org/Water_Supply_Planning/Water_Shortage_Response_Plans/plan/view/01-44-035,,,,,,,,
02-99-010,Jonesville,YADKIN,https://www.ncwater.org/Water_Supply_Planning/Water_Shortage_Response_Plans/plan/view/01-90-413,,,,,,,,
01-44-035,Junaluska SD,HAYWOOD,https://www.ncwater.org/Water_Supply_Planning/Water_Shortage_Response_Plans/plan/view/01-80-065,,,,,,,,
01-80-065,Kannapolis,CABARRUS,https://www.ncwater.org/Water_Supply_Planning/Water_Shortage_Response_Plans/plan/view/04-28-015,,,,,,,,
04-31-030,Kenansville,DUPLIN,https://www.ncwater.org/Water_Supply_Planning/Water_Shortage_Response_Plans/plan/view/04-98-030,,,,,,,,
03-51-030,Kenly,JOHNSTON,https://www.ncwater.org/Water_Supply_Planning/Water_Shortage_Response_Plans/plan/view/04-33-020,,,,,,,,
04-28-2015,Kill Devil Hills,DARE,https://www.ncwater.org/Water_Supply_Planning/Water_Shortage_Response_Plans/plan/view/01-60-156,,,,,,,,
02-85-010,King,STOKES,https://www.ncwater.org/Water_Supply_Planning/Water_Shortage_Response_Plans/plan/view/01-90-015,,,,,,,,
01-23-2020,Kings Mountain,CLEVELAND,https://www.ncwater.org/Water_Supply_Planning/Water_Shortage_Response_Plans/plan/view/01-36-045,,,,,,,,
04-54-010,Kinston,LENOIR,https://www.ncwater.org/Water_Supply_Planning/Water_Shortage_Response_Plans/plan/view/04-31-035,,,,,,,,
04-65-025,Kure Beach,NEW HANOVER,https://www.ncwater.org/Water_Supply_Planning/Water_Shortage_Response_Plans/plan/view/03-83-010,,,,,,,,
04-54-015,La Grange,LENOIR,https://www.ncwater.org/Water_Supply_Planning/Water_Shortage_Response_Plans/plan/view/04-28-020,,,,,,,,
01-81-020,Lake Lure,RUTHERFORD,https://www.ncwater.org/Water_Supply_Planning/Water_Shortage_Response_Plans/plan/view/10-56-032,,,,,,,,
02-35-108,Lake Royale Sudivision,FRANKLIN,https://www.ncwater.org/Water_Supply_Planning/Water_Shortage_Response_Plans/plan/view/01-58-010,,,,,,,,
01-38-105,Lake Santeelah,,,,,,,,,,
04-24-1945,Lake Waccamaw,COLUMBUS,https://www.ncwater.org/Water_Supply_Planning/Water_Shortage_Response_Plans/plan/view/01-58-015,,,,,,,,
01-60-156,Lamp Lighter South Danby,MECKLENBURG,https://www.ncwater.org/Water_Supply_Planning/Water_Shortage_Response_Plans/plan/view/01-14-010,,,,,,,,
01-80-038,Landis,ROWAN,https://www.ncwater.org/Water_Supply_Planning/Water_Shortage_Response_Plans/plan/view/04-40-015,,,,,,,,
01-05-2020,Lansing,ASHE,https://www.ncwater.org/Water_Supply_Planning/Water_Shortage_Response_Plans/plan/view/03-78-035,,,,,,,,
01-45-030,Laurel Park,HENDERSON,https://www.ncwater.org/Water_Supply_Planning/Water_Shortage_Response_Plans/plan/view/01-95-101,,,,,,,,
03-83-010,Laurinburg,SCOTLAND,https://www.ncwater.org/Water_Supply_Planning/Water_Shortage_Response_Plans/plan/view/02-76-025,,,,,,,,
01-23-1945,Lawndale,CLEVELAND,https://www.ncwater.org/Water_Supply_Planning/Water_Shortage_Response_Plans/plan/view/02-30-010,,,,,,,,
01-14-2010,Lenoir,CALDWELL,https://www.ncwater.org/Water_Supply_Planning/Water_Shortage_Response_Plans/plan/view/01-44-040,,,,,,,,
70-10-058,Leland,,,,,,,,,,
02-29-010,Lexington,DAVIDSON,https://www.ncwater.org/Water_Supply_Planning/Water_Shortage_Response_Plans/plan/view/02-79-025,,,,,,,,
02-76-025,Liberty,RANDOLPH,https://www.ncwater.org/Water_Supply_Planning/Water_Shortage_Response_Plans/plan/view/01-18-030,,,,,,,,
03-04-2025,Lilesville,ANSON,https://www.ncwater.org/Water_Supply_Planning/Water_Shortage_Response_Plans/plan/view/04-52-010,,,,,,,,
03-43-025,Lillington,HARNETT,https://www.ncwater.org/Water_Supply_Planning/Water_Shortage_Response_Plans/plan/view/02-01-018,,,,,,,,
01-55-035,Lincoln County,LINCOLN,https://www.ncwater.org/Water_Supply_Planning/Water_Shortage_Response_Plans/plan/view/01-56-010,,,,,,,,
01-55-010,Lincolnton,LINCOLN,https://www.ncwater.org/Water_Supply_Planning/Water_Shortage_Response_Plans/plan/view/01-90-010,,,,,,,,
03-26-1945,Linden,CUMBERLAND,https://www.ncwater.org/Water_Supply_Planning/Water_Shortage_Response_Plans/plan/view/04-16-198,,,,,,,,
01-06-0104,Linvilleland Harbor,AVERY,https://www.ncwater.org/Water_Supply_Planning/Water_Shortage_Response_Plans/plan/view/01-11-484,,,,,,,,
04-42-028,Littleton,HALIFAX,https://www.ncwater.org/Water_Supply_Planning/Water_Shortage_Response_Plans/plan/view/03-51-045,,,,,,,,
01-18-2025,Long View,CATAWBA,https://www.ncwater.org/Water_Supply_Planning/Water_Shortage_Response_Plans/plan/view/03-78-030,,,,,,,,
02-35-015,Louisburg,FRANKLIN,https://www.ncwater.org/Water_Supply_Planning/Water_Shortage_Response_Plans/plan/view/40-51-008,,,,,,,,
01-36-060,Lowell,GASTON,https://www.ncwater.org/Water_Supply_Planning/Water_Shortage_Response_Plans/plan/view/04-64-050,,,,,,,,
04-98-030,Lucama,WILSON,https://www.ncwater.org/Water_Supply_Planning/Water_Shortage_Response_Plans/plan/view/02-17-015,,,,,,,,
03-78-010,Lumberton,ROBESON,https://www.ncwater.org/Water_Supply_Planning/Water_Shortage_Response_Plans/plan/view/04-65-199,,,,,,,,
04-33-020,Macclesfield,EDGECOMBE,https://www.ncwater.org/Water_Supply_Planning/Water_Shortage_Response_Plans/plan/view/03-62-010,,,,,,,,
02-79-030,Madison,ROCKINGHAM,https://www.ncwater.org/Water_Supply_Planning/Water_Shortage_Response_Plans/plan/view/03-63-108,,,,,,,,
01-44-040,Maggie Valley SD,HAYWOOD,https://www.ncwater.org/Water_Supply_Planning/Water_Shortage_Response_Plans/plan/view/60-59-003,,,,,,,,
04-31-035,Magnolia,DUPLIN,https://www.ncwater.org/Water_Supply_Planning/Water_Shortage_Response_Plans/plan/view/03-63-117,,,,,,,,
01-18-1930,Maiden,CATAWBA,https://www.ncwater.org/Water_Supply_Planning/Water_Shortage_Response_Plans/plan/view/60-59-009,,,,,,,,
04-28-2020,Manteo,DARE,https://www.ncwater.org/Water_Supply_Planning/Water_Shortage_Response_Plans/plan/view/03-04-040,,,,,,,,
01-56-010,Marion,MCDOWELL,https://www.ncwater.org/Water_Supply_Planning/Water_Shortage_Response_Plans/plan/view/03-63-152,,,,,,,,
01-58-010,Mars Hill,MADISON,https://www.ncwater.org/Water_Supply_Planning/Water_Shortage_Response_Plans/plan/view/04-96-015,,,,,,,,
01-58-015,Marshall,MADISON,https://www.ncwater.org/Water_Supply_Planning/Water_Shortage_Response_Plans/plan/view/02-86-010,,,,,,,,
01-90-015,Marshville,UNION,https://www.ncwater.org/Water_Supply_Planning/Water_Shortage_Response_Plans/plan/view/01-97-040,,,,,,,,
60-59-003,Martin County WSD 1,MARTIN,https://www.ncwater.org/Water_Supply_Planning/Water_Shortage_Response_Plans/plan/view/01-49-015,,,,,,,,
60-59-009,Martin County WSD 2,MARTIN,https://www.ncwater.org/Water_Supply_Planning/Water_Shortage_Response_Plans/plan/view/04-16-015,,,,,,,,
04-40-015,MAURY WATER ASSOCIATION,GREENE,https://www.ncwater.org/Water_Supply_Planning/Water_Shortage_Response_Plans/plan/view/04-46-015,,,,,,,,
03-78-035,Maxton,ROBESON,https://www.ncwater.org/Water_Supply_Planning/Water_Shortage_Response_Plans/plan/view/04-54-025,,,,,,,,
02-79-025,Mayodan,ROCKINGHAM,https://www.ncwater.org/Water_Supply_Planning/Water_Shortage_Response_Plans/plan/view/40-64-005,,,,,,,,
04-52-010,Maysville,JONES,https://www.ncwater.org/Water_Supply_Planning/Water_Shortage_Response_Plans/plan/view/40-64-010,,,,,,,,
01-36-045,McAdenville,GASTON,https://www.ncwater.org/Water_Supply_Planning/Water_Shortage_Response_Plans/plan/view/01-12-015,,,,,,,,
10-56-032,McDowell County - Nebo,MCDOWELL,https://www.ncwater.org/Water_Supply_Planning/Water_Shortage_Response_Plans/plan/view/01-97-015,,,,,,,,
02-01-2018,Mebane,ALAMANCE,https://www.ncwater.org/Water_Supply_Planning/Water_Shortage_Response_Plans/plan/view/04-64-020,,,,,,,,
04-16-0198,Merrimom Comm,CARTERET,https://www.ncwater.org/Water_Supply_Planning/Water_Shortage_Response_Plans/plan/view/04-25-010,,,,,,,,
03-51-045,Micro,JOHNSTON,https://www.ncwater.org/Water_Supply_Planning/Water_Shortage_Response_Plans/plan/view/04-16-020,,,,,,,,
40-51-008,Micro (County Line),JOHNSTON,https://www.ncwater.org/Water_Supply_Planning/Water_Shortage_Response_Plans/plan/view/03-82-035,,,,,,,,
04-64-050,Middlesex,NASH,https://www.ncwater.org/Water_Supply_Planning/Water_Shortage_Response_Plans/plan/view/02-93-020,,,,,,,,
02-17-2015,Milton,CASWELL,https://www.ncwater.org/Water_Supply_Planning/Water_Shortage_Response_Plans/plan/view/04-16-197,,,,,,,,
02-30-010,Mocksville,DAVIE,https://www.ncwater.org/Water_Supply_Planning/Water_Shortage_Response_Plans/plan/view/01-06-020,,,,,,,,
01-90-010,Monroe,UNION,https://www.ncwater.org/Water_Supply_Planning/Water_Shortage_Response_Plans/plan/view/01-97-010,,,,,,,,
03-62-010,Montgomery County,MONTGOMERY,https://www.ncwater.org/Water_Supply_Planning/Water_Shortage_Response_Plans/plan/view/40-66-001,,,,,,,,
01-11-0484,Montreat,BUNCOMBE,https://www.ncwater.org/Water_Supply_Planning/Water_Shortage_Response_Plans/plan/view/02-86-025,,,,,,,,
03-63-153,Moore County (Addor),MOORE,https://www.ncwater.org/Water_Supply_Planning/Water_Shortage_Response_Plans/plan/view/01-12-010,,,,,,,,
50-63-021,Moore County (High Falls),MOORE,https://www.ncwater.org/Water_Supply_Planning/Water_Shortage_Response_Plans/plan/view/04-31-010,,,,,,,,
03-63-103,Moore County (Hyland Hills - Niagara),MOORE,https://www.ncwater.org/Water_Supply_Planning/Water_Shortage_Response_Plans/plan/view/03-51-020,,,,,,,,
03-63-108,Moore County (Pinehurst),MOORE,https://www.ncwater.org/Water_Supply_Planning/Water_Shortage_Response_Plans/plan/view/40-66-002,,,,,,,,
03-63-155,Moore County (Robbins),MOORE,https://www.ncwater.org/Water_Supply_Planning/Water_Shortage_Response_Plans/plan/view/03-78-010,,,,,,,,
03-63-117,Moore County (Seven Lakes),MOORE,https://www.ncwater.org/Water_Supply_Planning/Water_Shortage_Response_Plans/plan/view/04-66-113,,,,,,,,
03-63-152,Moore County (The Carolina),MOORE,https://www.ncwater.org/Water_Supply_Planning/Water_Shortage_Response_Plans/plan/view/01-36-020,,,,,,,,
03-63-045,Moore County (Vass),MOORE,https://www.ncwater.org/Water_Supply_Planning/Water_Shortage_Response_Plans/plan/view/04-65-010,,,,,,,,
01-49-015,Mooresville,IREDELL,https://www.ncwater.org/Water_Supply_Planning/Water_Shortage_Response_Plans/plan/view/04-28-010,,,,,,,,
01-97-040,Moravian Falls WW,WILKES,https://www.ncwater.org/Water_Supply_Planning/Water_Shortage_Response_Plans/plan/view/10-75-010,,,,,,,,
04-16-2015,Morehead City,CARTERET,https://www.ncwater.org/Water_Supply_Planning/Water_Shortage_Response_Plans/plan/view/60-54-001,,,,,,,,
01-12-2015,Morganton,BURKE,https://www.ncwater.org/Water_Supply_Planning/Water_Shortage_Response_Plans/plan/view/01-88-115,,,,,,,,
03-04-1940,Morven,ANSON,https://www.ncwater.org/Water_Supply_Planning/Water_Shortage_Response_Plans/plan/view/04-66-110,,,,,,,,
01-36-020,Mount Holly,GASTON,https://www.ncwater.org/Water_Supply_Planning/Water_Shortage_Response_Plans/plan/view/01-18-015,,,,,,,,
04-96-015,Mount Olive,WAYNE,https://www.ncwater.org/Water_Supply_Planning/Water_Shortage_Response_Plans/plan/view/04-66-108,,,,,,,,
02-86-010,Mt. Airy,SURRY,https://www.ncwater.org/Water_Supply_Planning/Water_Shortage_Response_Plans/plan/view/04-66-045,,,,,,,,
03-62-015,Mt. Gilead,MONTGOMERY,https://www.ncwater.org/Water_Supply_Planning/Water_Shortage_Response_Plans/plan/view/03-63-020,,,,,,,,
01-13-2020,Mt. Pleasant,CABARRUS,https://www.ncwater.org/Water_Supply_Planning/Water_Shortage_Response_Plans/plan/view/01-84-015,,,,,,,,
01-97-015,Mulberry-Fairplains WA,WILKES,https://www.ncwater.org/Water_Supply_Planning/Water_Shortage_Response_Plans/plan/view/01-14-040,,,,,,,,
04-46-015,Murfreesboro,HERTFORD,https://www.ncwater.org/Water_Supply_Planning/Water_Shortage_Response_Plans/plan/view/01-84-020,,,,,,,,
01-20-2010,Murphy,CHEROKEE,https://www.ncwater.org/Water_Supply_Planning/Water_Shortage_Response_Plans/plan/view/01-95-118,,,,,,,,
04-54-025,N Lenoir WC,LENOIR,https://www.ncwater.org/Water_Supply_Planning/Water_Shortage_Response_Plans/plan/view/50-26-019,,,,,,,,
04-28-2010,Nags Head,DARE,https://www.ncwater.org/Water_Supply_Planning/Water_Shortage_Response_Plans/plan/view/04-10-070,,,,,,,,
40-64-005,Nash County,NASH,https://www.ncwater.org/Water_Supply_Planning/Water_Shortage_Response_Plans/plan/view/04-69-020,,,,,,,,
40-64-010,NASH COUNTY WATER SYSTEM #2,NASH,https://www.ncwater.org/Water_Supply_Planning/Water_Shortage_Response_Plans/plan/view/02-01-123,,,,,,,,
04-64-020,Nashville,NASH,https://www.ncwater.org/Water_Supply_Planning/Water_Shortage_Response_Plans/plan/view/02-39-010,,,,,,,,
04-10-1965,Navassa,BRUNSWICK,https://www.ncwater.org/Water_Supply_Planning/Water_Shortage_Response_Plans/plan/view/03-78-045,,,,,,,,
70-10-055,Navassa-Phoenix,,,,,,,,,,
60-54-001,Neuse Regional Water and Sewer Authority (NRWASA),LENOIR,https://www.ncwater.org/Water_Supply_Planning/Water_Shortage_Response_Plans/plan/view/70-10-045,,,,,,,,
04-25-2010,New Bern,CRAVEN,https://www.ncwater.org/Water_Supply_Planning/Water_Shortage_Response_Plans/plan/view/04-59-113,,,,,,,,
01-06-2020,Newland,AVERY,https://www.ncwater.org/Water_Supply_Planning/Water_Shortage_Response_Plans/plan/view/01-23-010,,,,,,,,
04-16-2020,Newport,CARTERET,https://www.ncwater.org/Water_Supply_Planning/Water_Shortage_Response_Plans/plan/view/04-70-015,,,,,,,,
01-18-2015,Newton,CATAWBA,https://www.ncwater.org/Water_Supply_Planning/Water_Shortage_Response_Plans/plan/view/04-10-020,,,,,,,,
03-82-035,Newton Grove,SAMPSON,https://www.ncwater.org/Water_Supply_Planning/Water_Shortage_Response_Plans/plan/view/03-04-034,,,,,,,,
02-93-020,Norlina,WARREN,https://www.ncwater.org/Water_Supply_Planning/Water_Shortage_Response_Plans/plan/view/01-84-025,,,,,,,,
04-10-1970,NORTH BRUNSWICK SANITARY DIST,BRUNSWICK,https://www.ncwater.org/Water_Supply_Planning/Water_Shortage_Response_Plans/plan/view/04-10-035,,,,,,,,
04-16-0197,North River Comm,CARTERET,https://www.ncwater.org/Water_Supply_Planning/Water_Shortage_Response_Plans/plan/view/04-16-031,,,,,,,,
01-97-010,North Wilkesboro,WILKES,https://www.ncwater.org/Water_Supply_Planning/Water_Shortage_Response_Plans/plan/view/01-03-010,,,,,,,,
40-66-001,Northampton - North Gaston,NORTHAMPTON,https://www.ncwater.org/Water_Supply_Planning/Water_Shortage_Response_Plans/plan/view/03-51-040,,,,,,,,
40-66-002,Northampton - West Jackson,NORTHAMPTON,https://www.ncwater.org/Water_Supply_Planning/Water_Shortage_Response_Plans/plan/view/03-63-030,,,,,,,,
04-66-113,Northampton-Gaston,NORTHAMPTON,https://www.ncwater.org/Water_Supply_Planning/Water_Shortage_Response_Plans/plan/view/03-19-015,,,,,,,,
04-66-110,Northampton-Lake Gaston,NORTHAMPTON,https://www.ncwater.org/Water_Supply_Planning/Water_Shortage_Response_Plans/plan/view/20-84-008,,,,,,,,
04-66-108,Northampton-Milwaukee,NORTHAMPTON,https://www.ncwater.org/Water_Supply_Planning/Water_Shortage_Response_Plans/plan/view/03-04-030,,,,,,,,
04-66-045,Northampton-Progressive,NORTHAMPTON,https://www.ncwater.org/Water_Supply_Planning/Water_Shortage_Response_Plans/plan/view/04-08-040,,,,,,,,
70-10-045,Northwest,BRUNSWICK,https://www.ncwater.org/Water_Supply_Planning/Water_Shortage_Response_Plans/plan/view/04-48-020,,,,,,,,
01-84-015,Norwood,STANLY,https://www.ncwater.org/Water_Supply_Planning/Water_Shortage_Response_Plans/plan/view/03-51-050,,,,,,,,
04-10-2020,Oak Island - Wells,BRUNSWICK,https://www.ncwater.org/Water_Supply_Planning/Water_Shortage_Response_Plans/plan/view/01-56-025,,,,,,,,
01-84-020,Oakboro,STANLY,https://www.ncwater.org/Water_Supply_Planning/Water_Shortage_Response_Plans/plan/view/04-33-045,,,,,,,,
04-10-1935,Ocean Isle Beach,BRUNSWICK,https://www.ncwater.org/Water_Supply_Planning/Water_Shortage_Response_Plans/plan/view/04-67-035,,,,,,,,
04-27-0105,Ocean Sands Development Water System,,,,,,,,,,
04-48-020,Ocracoke SD,HYDE,https://www.ncwater.org/Water_Supply_Planning/Water_Shortage_Response_Plans/plan/view/03-68-020,,,,,,,,
01-56-025,Old Fort,MCDOWELL,https://www.ncwater.org/Water_Supply_Planning/Water_Shortage_Response_Plans/plan/view/03-68-010,,,,,,,,
50-26-019,OLD NORTH UTILITIES SERVICES/FT BRAGG,CUMBERLAND,https://www.ncwater.org/Water_Supply_Planning/Water_Shortage_Response_Plans/plan/view/03-92-010,http://www.asusinc.com/bases_we_serve/fort_bragg/category/about,910-495-1311,contactus@onus.asusinc.com,,,,,
04-67-035,ONWASA,ONSLOW,https://www.ncwater.org/Water_Supply_Planning/Water_Shortage_Response_Plans/plan/view/04-69-025,,,,,,,,
03-68-020,Orange-Alamance,ORANGE,https://www.ncwater.org/Water_Supply_Planning/Water_Shortage_Response_Plans/plan/view/03-78-020,,,,,,,,
04-69-020,Oriental,PAMLICO,https://www.ncwater.org/Water_Supply_Planning/Water_Shortage_Response_Plans/plan/view/02-76-020,,,,,,,,
02-01-0123,Ossipee SD,ALAMANCE,https://www.ncwater.org/Water_Supply_Planning/Water_Shortage_Response_Plans/plan/view/02-76-015,,,,,,,,
03-68-010,OWASA,ORANGE,https://www.ncwater.org/Water_Supply_Planning/Water_Shortage_Response_Plans/plan/view/04-72-025,,,,,,,,
02-39-010,Oxford,GRANVILLE,https://www.ncwater.org/Water_Supply_Planning/Water_Shortage_Response_Plans/plan/view/01-36-034,,,,,,,,
04-69-025,Pamlico County,PAMLICO,https://www.ncwater.org/Water_Supply_Planning/Water_Shortage_Response_Plans/plan/view/30-76-010,,,,,,,,
03-78-045,Parkton,ROBESON,https://www.ncwater.org/Water_Supply_Planning/Water_Shortage_Response_Plans/plan/view/03-78-015,,,,,,,,
04-59-113,Parmele,MARTIN,https://www.ncwater.org/Water_Supply_Planning/Water_Shortage_Response_Plans/plan/view/02-79-020,,,,,,,,
60-70-000,Pasquotank County RO Water Systems,,,,,,,,,,
04-70-015,Pasquotank County,PASQUOTANK,https://www.ncwater.org/Water_Supply_Planning/Water_Shortage_Response_Plans/plan/view/04-66-020,,,,,,,,
03-04-1934,Peachland,ANSON,https://www.ncwater.org/Water_Supply_Planning/Water_Shortage_Response_Plans/plan/view/04-24-035,,,,,,,,
03-78-020,Pembroke,ROBESON,https://www.ncwater.org/Water_Supply_Planning/Water_Shortage_Response_Plans/plan/view/04-96-030,,,,,,,,
70-71-011,Pender Co Utilities,,,,,,,,,,
04-72-025,Perquimans County,PERQUIMANS,https://www.ncwater.org/Water_Supply_Planning/Water_Shortage_Response_Plans/plan/view/04-33-015,,,,,,,,
01-84-025,Pfeiffer-North Stanly WA,STANLY,https://www.ncwater.org/Water_Supply_Planning/Water_Shortage_Response_Plans/plan/view/04-25-113,,,,,,,,
30-76-010,Piedmont Triad Regional Water Authority,RANDOLPH,https://www.ncwater.org/Water_Supply_Planning/Water_Shortage_Response_Plans/plan/view/04-54-020,,,,,,,,
04-96-030,Pikeville,WAYNE,https://www.ncwater.org/Water_Supply_Planning/Water_Shortage_Response_Plans/plan/view/04-94-010,,,,,,,,
02-86-025,Pilot Mountain,SURRY,https://www.ncwater.org/Water_Supply_Planning/Water_Shortage_Response_Plans/plan/view/02-85-025,,,,,,,,
04-16-1931,Pine Knoll Shores,CARTERET,https://www.ncwater.org/Water_Supply_Planning/Water_Shortage_Response_Plans/plan/view/04-59-015,,,,,,,,
03-51-040,Pine Level,JOHNSTON,https://www.ncwater.org/Water_Supply_Planning/Water_Shortage_Response_Plans/plan/view/03-77-015,,,,,,,,
03-63-030,Pinebluff,MOORE,https://www.ncwater.org/Water_Supply_Planning/Water_Shortage_Response_Plans/plan/view/02-79-050,,,,,,,,
04-33-015,Pinetops,EDGECOMBE,https://www.ncwater.org/Water_Supply_Planning/Water_Shortage_Response_Plans/plan/view/04-52-015,,,,,,,,
04-54-020,Pink Hill,LENOIR,https://www.ncwater.org/Water_Supply_Planning/Water_Shortage_Response_Plans/plan/view/03-47-010,,,,,,,,
03-19-2015,Pittsboro,CHATHAM,https://www.ncwater.org/Water_Supply_Planning/Water_Shortage_Response_Plans/plan/view/01-97-050,,,,,,,,
04-94-010,Plymouth,WASHINGTON,https://www.ncwater.org/Water_Supply_Planning/Water_Shortage_Response_Plans/plan/view/01-14-035,,,,,,,,
10-75-010,Polk County Water Department South,POLK,https://www.ncwater.org/Water_Supply_Planning/Water_Shortage_Response_Plans/plan/view/01-50-035,,,,,,,,
20-84-008,Polk Ford/Renee Ford,STANLY,https://www.ncwater.org/Water_Supply_Planning/Water_Shortage_Response_Plans/plan/view/04-94-015,,,,,,,,
03-04-1930,Polkton,ANSON,https://www.ncwater.org/Water_Supply_Planning/Water_Shortage_Response_Plans/plan/view/03-82-015,,,,,,,,
04-52-015,Pollocksville,JONES,https://www.ncwater.org/Water_Supply_Planning/Water_Shortage_Response_Plans/plan/view/03-77-109,,,,,,,,
04-08-1940,Powellsville,BERTIE,https://www.ncwater.org/Water_Supply_Planning/Water_Shortage_Response_Plans/plan/view/03-78-040,,,,,,,,
03-51-050,Princeton,JOHNSTON,https://www.ncwater.org/Water_Supply_Planning/Water_Shortage_Response_Plans/plan/view/02-73-010,,,,,,,,
04-33-045,Princeville,EDGECOMBE,https://www.ncwater.org/Water_Supply_Planning/Water_Shortage_Response_Plans/plan/view/03-82-025,,,,,,,,
03-47-010,Raeford,HOKE,https://www.ncwater.org/Water_Supply_Planning/Water_Shortage_Response_Plans/plan/view/04-42-010,,,,,,,,
03-92-010,Raleigh,WAKE,https://www.ncwater.org/Water_Supply_Planning/Water_Shortage_Response_Plans/plan/view/01-75-020,https://raleighnc.gov/water,919-996-3245,publicutilityinfo@raleighnc.gov,,,,,
02-76-020,Ramseur,RANDOLPH,https://www.ncwater.org/Water_Supply_Planning/Water_Shortage_Response_Plans/plan/view/70-24-024,,,,,,,,
02-76-015,Randleman,RANDOLPH,https://www.ncwater.org/Water_Supply_Planning/Water_Shortage_Response_Plans/plan/view/01-38-105,,,,,,,,
01-36-034,Ranlo,GASTON,https://www.ncwater.org/Water_Supply_Planning/Water_Shortage_Response_Plans/plan/view/04-98-040,,,,,,,,
03-78-015,Red Springs,ROBESON,https://www.ncwater.org/Water_Supply_Planning/Water_Shortage_Response_Plans/plan/view/03-83-030,,,,,,,,
02-79-020,Reidsville,ROCKINGHAM,https://www.ncwater.org/Water_Supply_Planning/Water_Shortage_Response_Plans/plan/view/03-83-035,,,,,,,,
01-14-1935,Rhodhiss,BURKE,https://www.ncwater.org/Water_Supply_Planning/Water_Shortage_Response_Plans/plan/view/01-38-010,,,,,,,,
04-66-020,Rich Square,NORTHAMPTON,https://www.ncwater.org/Water_Supply_Planning/Water_Shortage_Response_Plans/plan/view/04-42-015,,,,,,,,
03-77-109,Richmond County,RICHMOND,https://www.ncwater.org/Water_Supply_Planning/Water_Shortage_Response_Plans/plan/view/03-78-055,,,,,,,,
04-24-1935,Riegelwood SD,COLUMBUS,https://www.ncwater.org/Water_Supply_Planning/Water_Shortage_Response_Plans/plan/view/04-66-035,,,,,,,,
04-25-0113,River Bend,CRAVEN,https://www.ncwater.org/Water_Supply_Planning/Water_Shortage_Response_Plans/plan/view/02-76-040,,,,,,,,
04-42-010,Roanoke Rapids SD,HALIFAX,https://www.ncwater.org/Water_Supply_Planning/Water_Shortage_Response_Plans/plan/view/70-71-011,,,,,,,,
03-63-015,Robbins,MOORE,https://www.ncwater.org/Water_Supply_Planning/Water_Shortage_Response_Plans/plan/view/03-63-153,,,,,,,,
01-38-010,Robbinsville,GRAHAM,https://www.ncwater.org/Water_Supply_Planning/Water_Shortage_Response_Plans/plan/view/04-31-025,,,,,,,,
04-59-015,Robersonville,MARTIN,https://www.ncwater.org/Water_Supply_Planning/Water_Shortage_Response_Plans/plan/view/04-64-040,,,,,,,,
03-78-055,Robeson County,ROBESON,https://www.ncwater.org/Water_Supply_Planning/Water_Shortage_Response_Plans/plan/view/04-15-015,https://www.ncrwa.com,910-671-3485,info@ncrwa.org,,,,,
03-77-015,Rockingham,RICHMOND,https://www.ncwater.org/Water_Supply_Planning/Water_Shortage_Response_Plans/plan/view/04-98-045,,,,,,,,
02-79-050,Rockingham County,ROCKINGHAM,https://www.ncwater.org/Water_Supply_Planning/Water_Shortage_Response_Plans/plan/view/03-51-010,,,,,,,,
04-64-010,Rocky Mount,NASH,https://www.ncwater.org/Water_Supply_Planning/Water_Shortage_Response_Plans/plan/view/04-46-010,,,,,,,,
70-71-011,Rocky Point-Topsail WSD,PENDER,https://www.ncwater.org/Water_Supply_Planning/Water_Shortage_Response_Plans/plan/view/01-80-010,,,,,,,,
01-97-050,Ronda,WILKES,https://www.ncwater.org/Water_Supply_Planning/Water_Shortage_Response_Plans/plan/view/04-40-010,,,,,,,,
04-94-015,Roper,WASHINGTON,https://www.ncwater.org/Water_Supply_Planning/Water_Shortage_Response_Plans/plan/view/02-39-107,,,,,,,,
04-31-025,Rose Hill,DUPLIN,https://www.ncwater.org/Water_Supply_Planning/Water_Shortage_Response_Plans/plan/view/03-82-050,,,,,,,,
03-82-015,Roseboro,SAMPSON,https://www.ncwater.org/Water_Supply_Planning/Water_Shortage_Response_Plans/plan/view/04-40-105,,,,,,,,
01-88-115,Rosman,TRANSYLVANIA,https://www.ncwater.org/Water_Supply_Planning/Water_Shortage_Response_Plans/plan/view/02-85-015,,,,,,,,
03-78-040,Rowland,ROBESON,https://www.ncwater.org/Water_Supply_Planning/Water_Shortage_Response_Plans/plan/view/04-15-010,,,,,,,,
02-73-010,Roxboro,PERSON,https://www.ncwater.org/Water_Supply_Planning/Water_Shortage_Response_Plans/plan/view/60-27-001,,,,,,,,
01-12-1955,Rutherford College,,,,,,,,,,
04-15-2015,S Camden WSD,CAMDEN,https://www.ncwater.org/Water_Supply_Planning/Water_Shortage_Response_Plans/plan/view/03-82-070,,,,,,,,
03-78-030,Saint Pauls,,,,,,,,,,
03-82-025,Salemburg,SAMPSON,https://www.ncwater.org/Water_Supply_Planning/Water_Shortage_Response_Plans/plan/view/04-96-045,,,,,,,,
01-80-010,Salisbury,ROWAN,https://www.ncwater.org/Water_Supply_Planning/Water_Shortage_Response_Plans/plan/view/04-66-015,,,,,,,,
01-75-020,Saluda,POLK,https://www.ncwater.org/Water_Supply_Planning/Water_Shortage_Response_Plans/plan/view/04-10-010,,,,,,,,
03-82-050,Sampson County Water District I- Clinton,SAMPSON,https://www.ncwater.org/Water_Supply_Planning/Water_Shortage_Response_Plans/plan/view/04-10-025,,,,,,,,
03-82-070,Sampson County Water District II,SAMPSON,https://www.ncwater.org/Water_Supply_Planning/Water_Shortage_Response_Plans/plan/view/20-18-004,,,,,,,,
50-82-022,Sampson County Water District II-PLAINVIEW,,,,,,,,,,
70-24-024,Sandyfield,COLUMBUS,https://www.ncwater.org/Water_Supply_Planning/Water_Shortage_Response_Plans/plan/view/04-64-025,,,,,,,,
03-53-010,Sanford,LEE,https://www.ncwater.org/Water_Supply_Planning/Water_Shortage_Response_Plans/plan/view/01-84-010,,,,,,,,
01-38-105,Santeetlah,GRAHAM,https://www.ncwater.org/Water_Supply_Planning/Water_Shortage_Response_Plans/plan/view/03-26-020,,,,,,,,
04-98-040,Saratoga,WILSON,https://www.ncwater.org/Water_Supply_Planning/Water_Shortage_Response_Plans/plan/view/01-36-035,,,,,,,,
01-14-1940,Sawmills,CALDWELL,https://www.ncwater.org/Water_Supply_Planning/Water_Shortage_Response_Plans/plan/view/01-44-010,,,,,,,,
03-83-030,Scotland County N,SCOTLAND,https://www.ncwater.org/Water_Supply_Planning/Water_Shortage_Response_Plans/plan/view/04-98-025,,,,,,,,
03-83-035,Scotland County S,SCOTLAND,https://www.ncwater.org/Water_Supply_Planning/Water_Shortage_Response_Plans/plan/view/03-62-025,,,,,,,,
04-42-015,Scotland Neck,HALIFAX,https://www.ncwater.org/Water_Supply_Planning/Water_Shortage_Response_Plans/plan/view/04-74-060,,,,,,,,
04-66-035,Seaboard,NORTHAMPTON,https://www.ncwater.org/Water_Supply_Planning/Water_Shortage_Response_Plans/plan/view/02-79-035,,,,,,,,
02-76-040,Seagrove-Ulah Metro Water District,RANDOLPH,https://www.ncwater.org/Water_Supply_Planning/Water_Shortage_Response_Plans/plan/view/02-39-018,,,,,,,,
03-51-015,Selma,JOHNSTON,https://www.ncwater.org/Water_Supply_Planning/Water_Shortage_Response_Plans/plan/view/02-41-025,,,,,,,,
01-95-118,Seven Devils,WATAUGA,https://www.ncwater.org/Water_Supply_Planning/Water_Shortage_Response_Plans/plan/view/01-97-020,,,,,,,,
04-66-015,Severn,NORTHAMPTON,https://www.ncwater.org/Water_Supply_Planning/Water_Shortage_Response_Plans/plan/view/03-63-010,,,,,,,,
04-10-2025,Shallotte,BRUNSWICK,https://www.ncwater.org/Water_Supply_Planning/Water_Shortage_Response_Plans/plan/view/01-49-010,,,,,,,,
01-18-0151,Shamrock Park S/D,CATAWBA,https://www.ncwater.org/Water_Supply_Planning/Water_Shortage_Response_Plans/plan/view/01-11-010,,,,,,,,
04-64-040,Sharpsburg,EDGECOMBE,https://www.ncwater.org/Water_Supply_Planning/Water_Shortage_Response_Plans/plan/view/04-71-015,,,,,,,,
01-23-2010,Shelby,CLEVELAND,https://www.ncwater.org/Water_Supply_Planning/Water_Shortage_Response_Plans/plan/view/01-50-116,,,,,,,,
20-13-022,Shiloh Church Road S/D,,,,,,,,,,
03-19-2010,Siler City,CHATHAM,https://www.ncwater.org/Water_Supply_Planning/Water_Shortage_Response_Plans/plan/view/03-04-012,,,,,,,,
04-98-045,Sims,WILSON,https://www.ncwater.org/Water_Supply_Planning/Water_Shortage_Response_Plans/plan/view/30-01-005,,,,,,,,
03-51-010,Smithfield,JOHNSTON,https://www.ncwater.org/Water_Supply_Planning/Water_Shortage_Response_Plans/plan/view/04-24-015,,,,,,,,
40-51-007,Smithfield South Water District,,,,,,,,,,
04-40-010,Snow Hill,GREENE,https://www.ncwater.org/Water_Supply_Planning/Water_Shortage_Response_Plans/plan/view/04-33-010,,,,,,,,
02-39-107,South Granville Water and Sewer Authority,GRANVILLE,https://www.ncwater.org/Water_Supply_Planning/Water_Shortage_Response_Plans/plan/view/01-02-010,,,,,,,,
04-40-105,South Greene WC,GREENE,https://www.ncwater.org/Water_Supply_Planning/Water_Shortage_Response_Plans/plan/view/03-63-035,,,,,,,,
04-15-2010,South Mills,CAMDEN,https://www.ncwater.org/Water_Supply_Planning/Water_Shortage_Response_Plans/plan/view/04-31-044,,,,,,,,
20-18-004,Southeast Catawba County,CATAWBA,https://www.ncwater.org/Water_Supply_Planning/Water_Shortage_Response_Plans/plan/view/03-26-030,,,,,,,,
60-27-001,Southern Outer Banks Water System,CURRITUCK,https://www.ncwater.org/Water_Supply_Planning/Water_Shortage_Response_Plans/plan/view/04-71-020,,,,,,,,
03-63-010,Southern Pines,MOORE,https://www.ncwater.org/Water_Supply_Planning/Water_Shortage_Response_Plans/plan/view/01-06-107,,,,,,,,
04-96-045,Southern Wayne SD,WAYNE,https://www.ncwater.org/Water_Supply_Planning/Water_Shortage_Response_Plans/plan/view/01-49-030,,,,,,,,
04-10-2010,Southport,BRUNSWICK,https://www.ncwater.org/Water_Supply_Planning/Water_Shortage_Response_Plans/plan/view/03-62-020,,,,,,,,
01-03-2010,Sparta,ALLEGHANY,https://www.ncwater.org/Water_Supply_Planning/Water_Shortage_Response_Plans/plan/view/01-90-030,,,,,,,,
20-36-024,Spencer Mountain Village,,,,,,,,,,
04-64-025,Spring Hope,NASH,https://www.ncwater.org/Water_Supply_Planning/Water_Shortage_Response_Plans/plan/view/03-82-040,,,,,,,,
03-26-2020,Spring Lake,CUMBERLAND,https://www.ncwater.org/Water_Supply_Planning/Water_Shortage_Response_Plans/plan/view/04-89-015,,,,,,,,
01-61-010,Spruce Pine,,,,,,,,,,
20-84-006,Stanfield- Biglick Road,,,,,,,,,,
20-84-008,Stanfield- Polk Ford Renee Ford,,,,,,,,,,
03-78-030,St. Pauls,ROBESON,https://www.ncwater.org/Water_Supply_Planning/Water_Shortage_Response_Plans/plan/view/03-92-045,,,,,,,,
01-36-035,Stanley,GASTON,https://www.ncwater.org/Water_Supply_Planning/Water_Shortage_Response_Plans/plan/view/04-46-106,,,,,,,,
01-84-035,Stanly County-West Stanly,STANLY,https://www.ncwater.org/Water_Supply_Planning/Water_Shortage_Response_Plans/plan/view/04-25-020,,,,,,,,
04-98-025,Stantonsburg,WILSON,https://www.ncwater.org/Water_Supply_Planning/Water_Shortage_Response_Plans/plan/view/03-04-020,,,,,,,,
03-62-025,Startown,MONTGOMERY,https://www.ncwater.org/Water_Supply_Planning/Water_Shortage_Response_Plans/plan/view/03-83-020,,,,,,,,
01-49-010,Statesville,IREDELL,https://www.ncwater.org/Water_Supply_Planning/Water_Shortage_Response_Plans/plan/view/01-75-010,,,,,,,,
03-26-1930,Stedman,CUMBERLAND,https://www.ncwater.org/Water_Supply_Planning/Water_Shortage_Response_Plans/plan/view/03-26-040,,,,,,,,
04-74-060,Stokes RWC,PITT,https://www.ncwater.org/Water_Supply_Planning/Water_Shortage_Response_Plans/plan/view/04-96-155,,,,,,,,
02-85-025,Stokes WSA - Germanton,STOKES,https://www.ncwater.org/Water_Supply_Planning/Water_Shortage_Response_Plans/plan/view/02-34-010,,,,,,,,
02-41-035,Stokesdale,,,,,,,,,,
02-79-035,Stoneville,ROCKINGHAM,https://www.ncwater.org/Water_Supply_Planning/Water_Shortage_Response_Plans/plan/view/04-40-030,,,,,,,,
02-39-018,Stovall,GRANVILLE,https://www.ncwater.org/Water_Supply_Planning/Water_Shortage_Response_Plans/plan/view/02-93-015,,,,,,,,
01-06-0107,Sugar Mountain,AVERY,https://www.ncwater.org/Water_Supply_Planning/Water_Shortage_Response_Plans/plan/view/01-11-025,,,,,,,,
04-71-015,Surf City,PENDER,https://www.ncwater.org/Water_Supply_Planning/Water_Shortage_Response_Plans/plan/view/02-93-010,,,,,,,,
30-01-005,Swepsonville,ALAMANCE,https://www.ncwater.org/Water_Supply_Planning/Water_Shortage_Response_Plans/plan/view/04-31-015,,,,,,,,
04-24-2015,Tabor City,COLUMBUS,https://www.ncwater.org/Water_Supply_Planning/Water_Shortage_Response_Plans/plan/view/01-13-999,,,,,,,,
04-33-010,Tarboro,EDGECOMBE,https://www.ncwater.org/Water_Supply_Planning/Water_Shortage_Response_Plans/plan/view/04-07-010,,,,,,,,
01-02-2010,Taylorsville,ALEXANDER,https://www.ncwater.org/Water_Supply_Planning/Water_Shortage_Response_Plans/plan/view/04-94-025,,,,,,,,
03-63-035,Taylortown,MOORE,https://www.ncwater.org/Water_Supply_Planning/Water_Shortage_Response_Plans/plan/view/04-96-065,,,,,,,,
04-31-044,Teachey,DUPLIN,https://www.ncwater.org/Water_Supply_Planning/Water_Shortage_Response_Plans/plan/view/04-16-040,,,,,,,,
04-65-199,The Cape Sudivision,NEW HANOVER,https://www.ncwater.org/Water_Supply_Planning/Water_Shortage_Response_Plans/plan/view/02-76-030,,,,,,,,
02-29-2020,Thomasville,DAVIDSON,https://www.ncwater.org/Water_Supply_Planning/Water_Shortage_Response_Plans/plan/view/01-06-015,,,,,,,,
04-71-020,Topsail Beach,PENDER,https://www.ncwater.org/Water_Supply_Planning/Water_Shortage_Response_Plans/plan/view/04-33-040,,,,,,,,
01-49-030,Troutman,IREDELL,https://www.ncwater.org/Water_Supply_Planning/Water_Shortage_Response_Plans/plan/view/03-09-030,,,,,,,,
03-62-020,Troy,MONTGOMERY,https://www.ncwater.org/Water_Supply_Planning/Water_Shortage_Response_Plans/plan/view/04-24-010,,,,,,,,
01-75-010,Tryon,POLK,https://www.ncwater.org/Water_Supply_Planning/Water_Shortage_Response_Plans/plan/view/04-42-020,,,,,,,,
01-50-035,Tuckaseigee WSA,JACKSON,https://www.ncwater.org/Water_Supply_Planning/Water_Shortage_Response_Plans/plan/view/02-99-015,,,,,,,,
03-82-040,Turkey,SAMPSON,https://www.ncwater.org/Water_Supply_Planning/Water_Shortage_Response_Plans/plan/view/01-87-020,,,,,,,,
01-36-010,Two Rivers Utilities,,,,,,,,,,
04-89-015,Tyrrell County,TYRRELL,https://www.ncwater.org/Water_Supply_Planning/Water_Shortage_Response_Plans/plan/view/01-97-025,,,,,,,,
01-90-413,Union County,UNION,https://www.ncwater.org/Water_Supply_Planning/Water_Shortage_Response_Plans/plan/view/01-14-025,http://www.unioncountync.gov/departments/public-works,704-296-4210,pwcs@unioncountync.gov,,,,,
04-46-106,Union Utilities Corp.,HERTFORD,https://www.ncwater.org/Water_Supply_Planning/Water_Shortage_Response_Plans/plan/view/04-59-010,,,,,,,,
01-12-2010,Valdese,BURKE,https://www.ncwater.org/Water_Supply_Planning/Water_Shortage_Response_Plans/plan/view/04-08-015,,,,,,,,
02-91-015,Vance County Water District,,,,,,,,,,
04-25-2020,Vanceboro,CRAVEN,https://www.ncwater.org/Water_Supply_Planning/Water_Shortage_Response_Plans/plan/view/04-98-010,,,,,,,,
03-26-1940,Wade,CUMBERLAND,https://www.ncwater.org/Water_Supply_Planning/Water_Shortage_Response_Plans/plan/view/01-49-158,,,,,,,,
03-04-2020,Wadesboro,ANSON,https://www.ncwater.org/Water_Supply_Planning/Water_Shortage_Response_Plans/plan/view/40-98-014,,,,,,,,
03-83-020,Wagram,SCOTLAND,https://www.ncwater.org/Water_Supply_Planning/Water_Shortage_Response_Plans/plan/view/40-98-012,,,,,,,,
04-31-010,Wallace,DUPLIN,https://www.ncwater.org/Water_Supply_Planning/Water_Shortage_Response_Plans/plan/view/04-07-020,,,,,,,,
02-85-015,Walnut Cove,STOKES,https://www.ncwater.org/Water_Supply_Planning/Water_Shortage_Response_Plans/plan/view/03-51-015,,,,,,,,
04-96-155,Walnut Creek,WAYNE,https://www.ncwater.org/Water_Supply_Planning/Water_Shortage_Response_Plans/plan/view/04-08-010,,,,,,,,
04-40-030,Walstonburg,GREENE,https://www.ncwater.org/Water_Supply_Planning/Water_Shortage_Response_Plans/plan/view/04-46-020,,,,,,,,
02-93-015,Warren County,WARREN,https://www.ncwater.org/Water_Supply_Planning/Water_Shortage_Response_Plans/plan/view/04-66-040,,,,,,,,
02-93-010,Warrenton,WARREN,https://www.ncwater.org/Water_Supply_Planning/Water_Shortage_Response_Plans/plan/view/04-65-020,,,,,,,,
04-31-015,Warsaw,,,,,,,,,,
04-07-2010,Washington,,,,,,,,,,
04-94-025,Washington County Water System,,,,,,,,,,
04-96065,Wayne District Water System,,,,,,,,,,
01-44-010,Waynesville,HAYWOOD,https://www.ncwater.org/Water_Supply_Planning/Water_Shortage_Response_Plans/plan/view/03-43-015,,,,,,,,
01-11-2025,Weaverville,BUNCOMBE,https://www.ncwater.org/Water_Supply_Planning/Water_Shortage_Response_Plans/plan/view/01-05-010,,,,,,,,
04-42-020,Weldon,HALIFAX,https://www.ncwater.org/Water_Supply_Planning/Water_Shortage_Response_Plans/plan/view/03-63-112,,,,,,,,
04-16-1940,West Carteret Water Corp,,,,,,,,,,
01-49-158,West Iredell WC,IREDELL,https://www.ncwater.org/Water_Supply_Planning/Water_Shortage_Response_Plans/plan/view/04-74-040,,,,,,,,
01-05-2010,West Jefferson,ASHE,https://www.ncwater.org/Water_Supply_Planning/Water_Shortage_Response_Plans/plan/view/01-11-015,,,,,,,,
01-97-020,West Wilkes Water Association,WILKES,https://www.ncwater.org/Water_Supply_Planning/Water_Shortage_Response_Plans/plan/view/02-76-010,,,,,,,,
01-50-116,Western Carolina University,JACKSON,https://www.ncwater.org/Water_Supply_Planning/Water_Shortage_Response_Plans/plan/view/03-63-155,,,,,,,,
03-63-112,Whispering Pines Development,MOORE,https://www.ncwater.org/Water_Supply_Planning/Water_Shortage_Response_Plans/plan/view/01-20-020,,,,,,,,
04-33-040,Whitakers,,,,,,,,,,
03-09-1930,White Lake,,,,,,,,,,
04-24-2010,Whiteville,,,,,,,,,,
01-97-025,Wilkesboro,,,,,,,,,,
04-59-010,Williamston,,,,,,,,,,
04-98-010,Wilson,,,,,,,,,,
40-98-012,Wilson County SW Water District,,,,,,,,,,
40-98-014,Wilson County Southeast Water District,,,,,,,,,,
04-08-2010,Windsor,,,,,,,,,,
04-65-010,Wilmington,NEW HANOVER,https://www.ncwater.org/Water_Supply_Planning/Water_Shortage_Response_Plans/plan/view/04-64-035,https://www.cfpua.org,910-332-6550,NA,,,,,
01-90-030,Wingate,UNION,https://www.ncwater.org/Water_Supply_Planning/Water_Shortage_Response_Plans/plan/view/03-63-015,,,,,,,,
02-34-010,Winston-Salem,FORSYTH,https://www.ncwater.org/Water_Supply_Planning/Water_Shortage_Response_Plans/plan/view/03-53-101,https://www.cityofws.org/156/Winston-Salem-Forsyth-County-Utilities,336-727-8000,citylink@cityofws.org,,,,,
04-74-040,Winterville,PITT,https://www.ncwater.org/Water_Supply_Planning/Water_Shortage_Response_Plans/plan/view/01-61-015,,,,,,,,
04-46-020,Winton,,,,,,,,,,
01-11-2015,Woodfin WSD,BUNCOMBE,https://www.ncwater.org/Water_Supply_Planning/Water_Shortage_Response_Plans/plan/view/01-95-020,,,,,,,,
04-66-040,Woodland,,,,,,,,,,
04-65-020,Wrightsville Beach Water System,,,,,,,,,,
30-99-029,Yadkin Couty Water Highway 21,,,,,,,,,,
02-99-015,Yadkinville,YADKIN,https://www.ncwater.org/Water_Supply_Planning/Water_Shortage_Response_Plans/plan/view/50-63-011,,,,,,,,
02-17-2010,Yanceyville,,,,,,,,,,